campaign_type,Sent,Delivered,Opened,Clicked,Converted,Delivery Rate,Open Rate,CTR,CTOR,Conversion Rate,Unsubscribe Rate,Bounce Rate
Newsletter,2887.0,2737.0,850.0,229.0,70.0,0.9480429511603741,0.3105590062111801,0.08366824990865912,0.26941176470588235,0.3056768558951965,0.015345268542199489,0.05195704883962591
Promotional,4566.0,4355.0,1321.0,443.0,123.0,0.9537888742882172,0.30332950631458094,0.10172215843857635,0.33535200605601817,0.27765237020316025,0.016762342135476463,0.04621112571178274
Welcome,2547.0,2406.0,871.0,317.0,103.0,0.944640753828033,0.36201163757273486,0.1317539484621779,0.3639494833524684,0.3249211356466877,0.017040731504571905,0.05535924617196702
